id,name,url,faktion,komisjon
d8909ed8-ac93-4223-a3ec-55e1bb4ec8a9,Merry Aart,https://www.riigikogu.ee/riigikogu/koosseis/riigikogu-liikmed/saadik/d8909ed8-ac93-4223-a3ec-55e1bb4ec8a9/Merry-Aart,Eesti Konservatiivse Rahvaerakonna fraktsioon,Maaelukomisjon
7655e8d3-b658-49f0-8e09-f6cbc4a2c714,Annely Akkermann,https://www.riigikogu.ee/riigikogu/koosseis/riigikogu-liikmed/saadik/7655e8d3-b658-49f0-8e09-f6cbc4a2c714/Annely-Akkermann,Eesti Reformierakonna fraktsioon,Majanduskomisjon
90074aa2-4938-41a9-8275-3a6efa1cee31,Yoko Alender,https://www.riigikogu.ee/riigikogu/koosseis/riigikogu-liikmed/saadik/90074aa2-4938-41a9-8275-3a6efa1cee31/Yoko-Alender,Eesti Reformierakonna fraktsioon,Keskkonnakomisjon
c26f94dc-bc04-4c46-8f30-d8611f5854b0,Tiiu Aro,https://www.riigikogu.ee/riigikogu/koosseis/riigikogu-liikmed/saadik/c26f94dc-bc04-4c46-8f30-d8611f5854b0/Tiiu-Aro,Eesti Reformierakonna fraktsioon,Sotsiaalkomisjon
6f87ce5b-aad3-4118-9649-253cfd076b53,Riho Breivel,https://www.riigikogu.ee/riigikogu/koosseis/riigikogu-liikmed/saadik/6f87ce5b-aad3-4118-9649-253cfd076b53/Riho-Breivel,Eesti Konservatiivse Rahvaerakonna fraktsioon,Majanduskomisjon
6eafafda-f117-44e5-b14b-1956d566e233,Dmitri Dmitrijev,https://www.riigikogu.ee/riigikogu/koosseis/riigikogu-liikmed/saadik/6eafafda-f117-44e5-b14b-1956d566e233/Dmitri-Dmitrijev,Eesti Keskerakonna fraktsioon,Rahanduskomisjon
f70a1d6a-aa98-4a6b-9ffb-ff2f45f9739c,Ivi Eenmaa,https://www.riigikogu.ee/riigikogu/koosseis/riigikogu-liikmed/saadik/f70a1d6a-aa98-4a6b-9ffb-ff2f45f9739c/Ivi-Eenmaa,Eesti Reformierakonna fraktsioon,Rahanduskomisjon
07132cc4-5afc-4edb-9537-7c721ec39b2d,Enn Eesmaa,https://www.riigikogu.ee/riigikogu/koosseis/riigikogu-liikmed/saadik/07132cc4-5afc-4edb-9537-7c721ec39b2d/Enn-Eesmaa,Eesti Keskerakonna fraktsioon,"Riigikaitsekomisjon, Euroopa Liidu asjade komisjon"
f8a770b2-916c-4172-84b3-005ba9906a18,Peeter Ernits,https://www.riigikogu.ee/riigikogu/koosseis/riigikogu-liikmed/saadik/f8a770b2-916c-4172-84b3-005ba9906a18/Peeter-Ernits,Eesti Konservatiivse Rahvaerakonna fraktsioon,Keskkonnakomisjon
b29c93a9-f043-4b8f-b069-aa61e524f66b,Hele Everaus,https://www.riigikogu.ee/riigikogu/koosseis/riigikogu-liikmed/saadik/b29c93a9-f043-4b8f-b069-aa61e524f66b/Hele-Everaus,Eesti Reformierakonna fraktsioon,Sotsiaalkomisjon
db532de2-5abd-4b6d-a82c-2d9a75fd9d18,Kalle Grünthal,https://www.riigikogu.ee/riigikogu/koosseis/riigikogu-liikmed/saadik/db532de2-5abd-4b6d-a82c-2d9a75fd9d18/Kalle-Grünthal,Eesti Konservatiivse Rahvaerakonna fraktsioon,"Põhiseaduskomisjon, Euroopa Liidu asjade komisjon"
5ea230e2-5d34-46e1-9e4c-3966903f6b15,Monika Haukanõmm,https://www.riigikogu.ee/riigikogu/koosseis/riigikogu-liikmed/saadik/5ea230e2-5d34-46e1-9e4c-3966903f6b15/Monika-Haukanõmm,Fraktsiooni mittekuuluvad Riigikogu liikmed,E-postmonika.haukanomm@riigikogu.ee
f4e5d00e-19d1-428a-ba5e-5ce9ae4ef2c2,Helle-Moonika Helme,https://www.riigikogu.ee/riigikogu/koosseis/riigikogu-liikmed/saadik/f4e5d00e-19d1-428a-ba5e-5ce9ae4ef2c2/Helle-Moonika-Helme,Eesti Konservatiivse Rahvaerakonna fraktsioon,Kultuurikomisjon
4b96f3e5-af5e-41ce-86c9-3fdee3ce51da,Mart Helme,https://www.riigikogu.ee/riigikogu/koosseis/riigikogu-liikmed/saadik/4b96f3e5-af5e-41ce-86c9-3fdee3ce51da/Mart-Helme,Eesti Konservatiivse Rahvaerakonna fraktsioon,Maaelukomisjon
98008392-64a2-4429-8a41-fb051823e402,Martin Helme,https://www.riigikogu.ee/riigikogu/koosseis/riigikogu-liikmed/saadik/98008392-64a2-4429-8a41-fb051823e402/Martin-Helme,Eesti Konservatiivse Rahvaerakonna fraktsioon,E-postmartin.helme@riigikogu.ee
e12f213f-f7de-4e2c-955b-e4765daa8912,Heiki Hepner,https://www.riigikogu.ee/riigikogu/koosseis/riigikogu-liikmed/saadik/e12f213f-f7de-4e2c-955b-e4765daa8912/Heiki-Hepner,Isamaa fraktsioon,Riigikaitsekomisjon
e87af062-bf25-4b36-a268-121c446e5ae7,Kaido Höövelson,https://www.riigikogu.ee/riigikogu/koosseis/riigikogu-liikmed/saadik/e87af062-bf25-4b36-a268-121c446e5ae7/Kaido-Höövelson,Eesti Keskerakonna fraktsioon,Keskkonnakomisjon
09500870-255e-416d-8eda-f80e9929adda,Jüri Jaanson,https://www.riigikogu.ee/riigikogu/koosseis/riigikogu-liikmed/saadik/09500870-255e-416d-8eda-f80e9929adda/Jüri-Jaanson,Eesti Reformierakonna fraktsioon,Majanduskomisjon
a5af5ad0-6e31-443a-9b12-15769d43e784,Maria Jufereva-Skuratovski,https://www.riigikogu.ee/riigikogu/koosseis/riigikogu-liikmed/saadik/a5af5ad0-6e31-443a-9b12-15769d43e784/Maria-Jufereva-Skuratovski,Eesti Keskerakonna fraktsioon,Väliskomisjon
3b95eb28-aafc-4118-95e7-d9773e780890,Jaak Juske,https://www.riigikogu.ee/riigikogu/koosseis/riigikogu-liikmed/saadik/3b95eb28-aafc-4118-95e7-d9773e780890/Jaak-Juske,Sotsiaaldemokraatliku Erakonna fraktsioon,Kultuurikomisjon
db46f14c-3bdf-47a0-bed4-0172f7d942db,Toomas Järveoja,https://www.riigikogu.ee/riigikogu/koosseis/riigikogu-liikmed/saadik/db46f14c-3bdf-47a0-bed4-0172f7d942db/Toomas-Järveoja,Eesti Reformierakonna fraktsioon,Riigikaitsekomisjon
06dfc2ae-cd08-41f3-8d53-a152295f1d15,Marek Jürgenson,https://www.riigikogu.ee/riigikogu/koosseis/riigikogu-liikmed/saadik/06dfc2ae-cd08-41f3-8d53-a152295f1d15/Marek-Jürgenson,Eesti Keskerakonna fraktsioon,Õiguskomisjon
922950a5-def3-480f-8655-6037d2a97db5,Ruuben Kaalep,https://www.riigikogu.ee/riigikogu/koosseis/riigikogu-liikmed/saadik/922950a5-def3-480f-8655-6037d2a97db5/Ruuben-Kaalep,Eesti Konservatiivse Rahvaerakonna fraktsioon,"Väliskomisjon, Euroopa Liidu asjade komisjon"
989194b6-b6cc-4c8f-9e6a-8eb8913d103e,Raimond Kaljulaid,https://www.riigikogu.ee/riigikogu/koosseis/riigikogu-liikmed/saadik/989194b6-b6cc-4c8f-9e6a-8eb8913d103e/Raimond-Kaljulaid,Fraktsiooni mittekuuluvad Riigikogu liikmed,"Majanduskomisjon, Euroopa Liidu asjade komisjon"
0d906012-76b5-468c-a0c9-201f41f271a8,Siim Kallas,https://www.riigikogu.ee/riigikogu/koosseis/riigikogu-liikmed/saadik/0d906012-76b5-468c-a0c9-201f41f271a8/Siim-Kallas,Eesti Reformierakonna fraktsioon,"Majanduskomisjon, Euroopa Liidu asjade komisjon"
9ca053df-1f4a-478f-8fe6-a4c7e3c5a218,Sulev Kannimäe,https://www.riigikogu.ee/riigikogu/koosseis/riigikogu-liikmed/saadik/9ca053df-1f4a-478f-8fe6-a4c7e3c5a218/Sulev-Kannimäe,Eesti Reformierakonna fraktsioon,Õiguskomisjon
94351dfe-449e-48db-9396-06cf204ce22e,Jaanus Karilaid,https://www.riigikogu.ee/riigikogu/koosseis/riigikogu-liikmed/saadik/94351dfe-449e-48db-9396-06cf204ce22e/Jaanus-Karilaid,Eesti Keskerakonna fraktsioon,Õiguskomisjon
f45d0388-db27-47eb-b13d-f6d147ef4d6e,Uno Kaskpeit,https://www.riigikogu.ee/riigikogu/koosseis/riigikogu-liikmed/saadik/f45d0388-db27-47eb-b13d-f6d147ef4d6e/Uno-Kaskpeit,Eesti Konservatiivse Rahvaerakonna fraktsioon,Õiguskomisjon
bdcec844-b004-4caf-bfc1-6a74c9fbd76f,Erkki Keldo,https://www.riigikogu.ee/riigikogu/koosseis/riigikogu-liikmed/saadik/bdcec844-b004-4caf-bfc1-6a74c9fbd76f/Erkki-Keldo,Eesti Reformierakonna fraktsioon,Maaelukomisjon
dea71fe2-c8ff-416a-b592-43c5fc094870,Kert Kingo,https://www.riigikogu.ee/riigikogu/koosseis/riigikogu-liikmed/saadik/dea71fe2-c8ff-416a-b592-43c5fc094870/Kert-Kingo,Eesti Konservatiivse Rahvaerakonna fraktsioon,Sotsiaalkomisjon
71bdc9b2-841d-408f-8ace-909e8c11d7d5,Signe Kivi,https://www.riigikogu.ee/riigikogu/koosseis/riigikogu-liikmed/saadik/71bdc9b2-841d-408f-8ace-909e8c11d7d5/Signe-Kivi,Eesti Reformierakonna fraktsioon,Kultuurikomisjon
906f1a0a-0000-4a96-866c-b30f2b6adc49,Toomas Kivimägi,https://www.riigikogu.ee/riigikogu/koosseis/riigikogu-liikmed/saadik/906f1a0a-0000-4a96-866c-b30f2b6adc49/Toomas-Kivimägi,Eesti Reformierakonna fraktsioon,Põhiseaduskomisjon
2dcb35ed-acbc-4bcf-9e9d-9da681842d6d,Aivar Kokk,https://www.riigikogu.ee/riigikogu/koosseis/riigikogu-liikmed/saadik/2dcb35ed-acbc-4bcf-9e9d-9da681842d6d/Aivar-Kokk,Isamaa fraktsioon,Rahanduskomisjon
694b084f-e151-4f7e-8a5c-2664a40cee7a,Rene Kokk,https://www.riigikogu.ee/riigikogu/koosseis/riigikogu-liikmed/saadik/694b084f-e151-4f7e-8a5c-2664a40cee7a/Rene-Kokk,Eesti Konservatiivse Rahvaerakonna fraktsioon,Rahanduskomisjon
9c583623-eb94-48de-bf39-2bf49759c5a6,Mihhail Korb,https://www.riigikogu.ee/riigikogu/koosseis/riigikogu-liikmed/saadik/9c583623-eb94-48de-bf39-2bf49759c5a6/Mihhail-Korb,Eesti Keskerakonna fraktsioon,Majanduskomisjon
a62b7530-a1fb-4c0b-b041-f10c2cfaa31a,Andrei Korobeinik,https://www.riigikogu.ee/riigikogu/koosseis/riigikogu-liikmed/saadik/a62b7530-a1fb-4c0b-b041-f10c2cfaa31a/Andrei-Korobeinik,Eesti Keskerakonna fraktsioon,Rahanduskomisjon
e6416c11-b0c5-459a-96f9-c9549bbaaa81,Siret Kotka,https://www.riigikogu.ee/riigikogu/koosseis/riigikogu-liikmed/saadik/e6416c11-b0c5-459a-96f9-c9549bbaaa81/Siret-Kotka,Eesti Keskerakonna fraktsioon,"Sotsiaalkomisjon, Euroopa Liidu asjade komisjon"
bcb7146e-71bf-46bb-8408-494edfac9f86,Heiki Kranich,https://www.riigikogu.ee/riigikogu/koosseis/riigikogu-liikmed/saadik/bcb7146e-71bf-46bb-8408-494edfac9f86/Heiki-Kranich,Eesti Reformierakonna fraktsioon,Keskkonnakomisjon
9893487a-845e-4b03-ba51-09a79fef87eb,Igor Kravtšenko,https://www.riigikogu.ee/riigikogu/koosseis/riigikogu-liikmed/saadik/9893487a-845e-4b03-ba51-09a79fef87eb/Igor-Kravtšenko,Eesti Keskerakonna fraktsioon,Keskkonnakomisjon
b2226516-4cd4-4471-b93b-696c40b7a9e2,Eerik-Niiles Kross,https://www.riigikogu.ee/riigikogu/koosseis/riigikogu-liikmed/saadik/b2226516-4cd4-4471-b93b-696c40b7a9e2/Eerik-Niiles-Kross,Eesti Reformierakonna fraktsioon,Väliskomisjon
dd439e1c-be78-4751-a152-f02f98ae1d39,Tarmo Kruusimäe,https://www.riigikogu.ee/riigikogu/koosseis/riigikogu-liikmed/saadik/dd439e1c-be78-4751-a152-f02f98ae1d39/Tarmo-Kruusimäe,Isamaa fraktsioon,"Õiguskomisjon, Euroopa Liidu asjade komisjon"
fd2d1dd5-ff19-445e-b190-28aabb07763a,Leo Kunnas,https://www.riigikogu.ee/riigikogu/koosseis/riigikogu-liikmed/saadik/fd2d1dd5-ff19-445e-b190-28aabb07763a/Leo-Kunnas,Eesti Konservatiivse Rahvaerakonna fraktsioon,Riigikaitsekomisjon
46fa9a7c-7055-444f-8c55-ea640d1d95d6,Kalvi Kõva,https://www.riigikogu.ee/riigikogu/koosseis/riigikogu-liikmed/saadik/46fa9a7c-7055-444f-8c55-ea640d1d95d6/Kalvi-Kõva,Sotsiaaldemokraatliku Erakonna fraktsioon,Majanduskomisjon
1d0b281d-b769-4e94-8c67-faa1cb1b1395,Helmen Kütt,https://www.riigikogu.ee/riigikogu/koosseis/riigikogu-liikmed/saadik/1d0b281d-b769-4e94-8c67-faa1cb1b1395/Helmen-Kütt,Sotsiaaldemokraatliku Erakonna fraktsioon,Sotsiaalkomisjon
103bdae6-c980-4bd4-8e57-e8af4df13f4b,Ants Laaneots,https://www.riigikogu.ee/riigikogu/koosseis/riigikogu-liikmed/saadik/103bdae6-c980-4bd4-8e57-e8af4df13f4b/Ants-Laaneots,Eesti Reformierakonna fraktsioon,Riigikaitsekomisjon
08134982-2ac6-436c-ad8f-8f941ca41d3c,Viktoria Ladõnskaja-Kubits,https://www.riigikogu.ee/riigikogu/koosseis/riigikogu-liikmed/saadik/08134982-2ac6-436c-ad8f-8f941ca41d3c/Viktoria-Ladõnskaja-Kubits,Isamaa fraktsioon,Kultuurikomisjon
563f86fd-db45-4046-b8ed-b66e5a2aec45,Alar Laneman,https://www.riigikogu.ee/riigikogu/koosseis/riigikogu-liikmed/saadik/563f86fd-db45-4046-b8ed-b66e5a2aec45/Alar-Laneman,Eesti Konservatiivse Rahvaerakonna fraktsioon,Riigikaitsekomisjon
c0c7bea2-4c5e-4295-9c0f-dca52d602098,Jürgen Ligi,https://www.riigikogu.ee/riigikogu/koosseis/riigikogu-liikmed/saadik/c0c7bea2-4c5e-4295-9c0f-dca52d602098/Jürgen-Ligi,Eesti Reformierakonna fraktsioon,Rahanduskomisjon
5472f8ce-5ad8-432a-b4a6-5ae523e7c8f7,Oudekki Loone,https://www.riigikogu.ee/riigikogu/koosseis/riigikogu-liikmed/saadik/5472f8ce-5ad8-432a-b4a6-5ae523e7c8f7/Oudekki-Loone,Eesti Keskerakonna fraktsioon,"Põhiseaduskomisjon, Euroopa Liidu asjade komisjon"
4dfb53e7-f9fc-4360-a52c-cef9e009bd61,Mihhail Lotman,https://www.riigikogu.ee/riigikogu/koosseis/riigikogu-liikmed/saadik/4dfb53e7-f9fc-4360-a52c-cef9e009bd61/Mihhail-Lotman,Isamaa fraktsioon,Väliskomisjon
d557812c-971d-415b-827d-aa6a382ec6ef,Lauri Läänemets,https://www.riigikogu.ee/riigikogu/koosseis/riigikogu-liikmed/saadik/d557812c-971d-415b-827d-aa6a382ec6ef/Lauri-Läänemets,Sotsiaaldemokraatliku Erakonna fraktsioon,"Riigikaitsekomisjon, Euroopa Liidu asjade komisjon"
fda61c2f-831f-4045-b7bb-c640ed8c21e6,Natalia Malleus,https://www.riigikogu.ee/riigikogu/koosseis/riigikogu-liikmed/saadik/fda61c2f-831f-4045-b7bb-c640ed8c21e6/Natalia-Malleus,Eesti Keskerakonna fraktsioon,Keskkonnakomisjon
d5f3dddb-d809-448a-a94f-adbf208e408a,Andres Metsoja,https://www.riigikogu.ee/riigikogu/koosseis/riigikogu-liikmed/saadik/d5f3dddb-d809-448a-a94f-adbf208e408a/Andres-Metsoja,Isamaa fraktsioon,Keskkonnakomisjon
84bf9004-a454-44c9-8696-5337c74ff486,Kristen Michal,https://www.riigikogu.ee/riigikogu/koosseis/riigikogu-liikmed/saadik/84bf9004-a454-44c9-8696-5337c74ff486/Kristen-Michal,Eesti Reformierakonna fraktsioon,Majanduskomisjon
58be6531-1f4b-4b0b-9c21-92566a40ae8b,Marko Mihkelson,https://www.riigikogu.ee/riigikogu/koosseis/riigikogu-liikmed/saadik/58be6531-1f4b-4b0b-9c21-92566a40ae8b/Marko-Mihkelson,Eesti Reformierakonna fraktsioon,Väliskomisjon
233ac42e-573c-400e-8568-0ac3d4c107f9,Aadu Must,https://www.riigikogu.ee/riigikogu/koosseis/riigikogu-liikmed/saadik/233ac42e-573c-400e-8568-0ac3d4c107f9/Aadu-Must,Eesti Keskerakonna fraktsioon,Kultuurikomisjon
d7d9e4d7-699e-4038-83c3-d13369f644c9,Tõnis Mölder,https://www.riigikogu.ee/riigikogu/koosseis/riigikogu-liikmed/saadik/d7d9e4d7-699e-4038-83c3-d13369f644c9/Tõnis-Mölder,Eesti Keskerakonna fraktsioon,Põhiseaduskomisjon
728f88bc-4a7f-483e-bf9f-d0a2751566fd,Eduard Odinets,https://www.riigikogu.ee/riigikogu/koosseis/riigikogu-liikmed/saadik/728f88bc-4a7f-483e-bf9f-d0a2751566fd/Eduard-Odinets,Sotsiaaldemokraatliku Erakonna fraktsioon,Põhiseaduskomisjon
4dbb83c0-9dbe-4aa7-9d89-29cf398da20d,Anneli Ott,https://www.riigikogu.ee/riigikogu/koosseis/riigikogu-liikmed/saadik/4dbb83c0-9dbe-4aa7-9d89-29cf398da20d/Anneli-Ott,Eesti Keskerakonna fraktsioon,Väliskomisjon
56240b7a-f393-479e-8fa4-8267be56d125,Ivari Padar,https://www.riigikogu.ee/riigikogu/koosseis/riigikogu-liikmed/saadik/56240b7a-f393-479e-8fa4-8267be56d125/Ivari-Padar,Sotsiaaldemokraatliku Erakonna fraktsioon,Maaelukomisjon
cf42a56a-b91a-4a51-913b-a489305326a2,Hanno Pevkur,https://www.riigikogu.ee/riigikogu/koosseis/riigikogu-liikmed/saadik/cf42a56a-b91a-4a51-913b-a489305326a2/Hanno-Pevkur,Eesti Reformierakonna fraktsioon,E-posthanno.pevkur@riigikogu.ee
b5922bb2-56bb-4de6-a7e1-754553191c27,Heljo Pikhof,https://www.riigikogu.ee/riigikogu/koosseis/riigikogu-liikmed/saadik/b5922bb2-56bb-4de6-a7e1-754553191c27/Heljo-Pikhof,Sotsiaaldemokraatliku Erakonna fraktsioon,Õiguskomisjon
8d9daaeb-dbaf-4887-8311-881b29bedfa9,Õnne Pillak,https://www.riigikogu.ee/riigikogu/koosseis/riigikogu-liikmed/saadik/8d9daaeb-dbaf-4887-8311-881b29bedfa9/Õnne-Pillak,Eesti Reformierakonna fraktsioon,Sotsiaalkomisjon
d8b9f165-31aa-46a4-8dbd-964cbe89cfb8,Siim Pohlak,https://www.riigikogu.ee/riigikogu/koosseis/riigikogu-liikmed/saadik/d8b9f165-31aa-46a4-8dbd-964cbe89cfb8/Siim-Pohlak,Eesti Konservatiivse Rahvaerakonna fraktsioon,Sotsiaalkomisjon
bc9c1725-2fd8-4f54-a0e3-58b87e9dfe1f,Anti Poolamets,https://www.riigikogu.ee/riigikogu/koosseis/riigikogu-liikmed/saadik/bc9c1725-2fd8-4f54-a0e3-58b87e9dfe1f/Anti-Poolamets,Eesti Konservatiivse Rahvaerakonna fraktsioon,"Õiguskomisjon, Euroopa Liidu asjade komisjon"
cb6b45a7-5dcb-4a3b-bb18-2b79fe3278ae,Heidy Purga,https://www.riigikogu.ee/riigikogu/koosseis/riigikogu-liikmed/saadik/cb6b45a7-5dcb-4a3b-bb18-2b79fe3278ae/Heidy-Purga,Eesti Reformierakonna fraktsioon,Kultuurikomisjon
1c7630a0-679c-4b0b-a050-6958f758c829,Paul Puustusmaa,https://www.riigikogu.ee/riigikogu/koosseis/riigikogu-liikmed/saadik/1c7630a0-679c-4b0b-a050-6958f758c829/Paul-Puustusmaa,Eesti Konservatiivse Rahvaerakonna fraktsioon,Põhiseaduskomisjon
65b1d8bb-7f45-48f5-b4aa-7ba4ca459824,Henn Põlluaas,https://www.riigikogu.ee/riigikogu/koosseis/riigikogu-liikmed/saadik/65b1d8bb-7f45-48f5-b4aa-7ba4ca459824/Henn-Põlluaas,Eesti Konservatiivse Rahvaerakonna fraktsioon,Väliskomisjon
993ef7bc-10ac-49cc-a027-b39cd1482e56,Peeter Rahnel,https://www.riigikogu.ee/riigikogu/koosseis/riigikogu-liikmed/saadik/993ef7bc-10ac-49cc-a027-b39cd1482e56/Peeter-Rahnel,Eesti Keskerakonna fraktsioon,Riigikaitsekomisjon
410c0030-7bcd-4977-85c2-27af3439770f,Mati Raidma,https://www.riigikogu.ee/riigikogu/koosseis/riigikogu-liikmed/saadik/410c0030-7bcd-4977-85c2-27af3439770f/Mati-Raidma,Eesti Reformierakonna fraktsioon,Riigikaitsekomisjon
1a537e56-0135-4981-a625-b4a53be86e3f,Ülle Rajasalu,https://www.riigikogu.ee/riigikogu/koosseis/riigikogu-liikmed/saadik/1a537e56-0135-4981-a625-b4a53be86e3f/Ülle-Rajasalu,Eesti Reformierakonna fraktsioon,Riigikaitsekomisjon
966e7ccd-b097-4e49-923c-c8d39dae2d62,Valdo Randpere,https://www.riigikogu.ee/riigikogu/koosseis/riigikogu-liikmed/saadik/966e7ccd-b097-4e49-923c-c8d39dae2d62/Valdo-Randpere,Eesti Reformierakonna fraktsioon,Väliskomisjon
87b36dbb-08e9-4048-91eb-6df699c6e27e,Jüri Ratas,https://www.riigikogu.ee/riigikogu/koosseis/riigikogu-liikmed/saadik/87b36dbb-08e9-4048-91eb-6df699c6e27e/Jüri-Ratas,Eesti Keskerakonna fraktsioon,E-postjyri.ratas@riigikogu.ee
a78027e5-2480-49f2-a340-ee88daf92d53,Urmas Reinsalu,https://www.riigikogu.ee/riigikogu/koosseis/riigikogu-liikmed/saadik/a78027e5-2480-49f2-a340-ee88daf92d53/Urmas-Reinsalu,Isamaa fraktsioon,Põhiseaduskomisjon
84a0ce5b-b9a6-4728-a20a-1eec3322c0ce,Urmas Reitelmann,https://www.riigikogu.ee/riigikogu/koosseis/riigikogu-liikmed/saadik/84a0ce5b-b9a6-4728-a20a-1eec3322c0ce/Urmas-Reitelmann,Eesti Konservatiivse Rahvaerakonna fraktsioon,Rahanduskomisjon
ce3f9ed0-083c-4d0f-b45a-096610012b5f,Martin Repinski,https://www.riigikogu.ee/riigikogu/koosseis/riigikogu-liikmed/saadik/ce3f9ed0-083c-4d0f-b45a-096610012b5f/Martin-Repinski,Fraktsiooni mittekuuluvad Riigikogu liikmed,"Rahanduskomisjon, Euroopa Liidu asjade komisjon"
74f8df6d-6f4d-410b-8b45-bf58922cf421,Mailis Reps,https://www.riigikogu.ee/riigikogu/koosseis/riigikogu-liikmed/saadik/74f8df6d-6f4d-410b-8b45-bf58922cf421/Mailis-Reps,Eesti Keskerakonna fraktsioon,Väliskomisjon
58378026-b797-4bf2-89fc-31a73d9219b3,Indrek Saar,https://www.riigikogu.ee/riigikogu/koosseis/riigikogu-liikmed/saadik/58378026-b797-4bf2-89fc-31a73d9219b3/Indrek-Saar,Sotsiaaldemokraatliku Erakonna fraktsioon,Väliskomisjon
d92a3e73-ed32-48d6-8905-8e6cc6f9413f,Üllar Saaremäe,https://www.riigikogu.ee/riigikogu/koosseis/riigikogu-liikmed/saadik/d92a3e73-ed32-48d6-8905-8e6cc6f9413f/Üllar-Saaremäe,Isamaa fraktsioon,Kultuurikomisjon
caea357b-12c0-4069-b53e-89f69f517212,Kersti Sarapuu,https://www.riigikogu.ee/riigikogu/koosseis/riigikogu-liikmed/saadik/caea357b-12c0-4069-b53e-89f69f517212/Kersti-Sarapuu,Eesti Keskerakonna fraktsioon,Rahanduskomisjon
23161df7-bc1b-442e-b4cd-2d1f37627658,Helir-Valdor Seeder,https://www.riigikogu.ee/riigikogu/koosseis/riigikogu-liikmed/saadik/23161df7-bc1b-442e-b4cd-2d1f37627658/Helir-Valdor-Seeder,Isamaa fraktsioon,Maaelukomisjon
fd57045c-5dde-4c26-bf60-e5c294da0e4c,Andrus Seeme,https://www.riigikogu.ee/riigikogu/koosseis/riigikogu-liikmed/saadik/fd57045c-5dde-4c26-bf60-e5c294da0e4c/Andrus-Seeme,Eesti Reformierakonna fraktsioon,Maaelukomisjon
4c3d9559-69ad-4e75-a188-94eae98786fd,Sven Sester,https://www.riigikogu.ee/riigikogu/koosseis/riigikogu-liikmed/saadik/4c3d9559-69ad-4e75-a188-94eae98786fd/Sven-Sester,Isamaa fraktsioon,Majanduskomisjon
8940964b-6bfd-482d-a4f5-53f2cccb149d,Priit Sibul,https://www.riigikogu.ee/riigikogu/koosseis/riigikogu-liikmed/saadik/8940964b-6bfd-482d-a4f5-53f2cccb149d/Priit-Sibul,Isamaa fraktsioon,Sotsiaalkomisjon
76c477e6-4b49-4d49-ad7b-a4853182a1da,Riina Sikkut,https://www.riigikogu.ee/riigikogu/koosseis/riigikogu-liikmed/saadik/76c477e6-4b49-4d49-ad7b-a4853182a1da/Riina-Sikkut,Sotsiaaldemokraatliku Erakonna fraktsioon,"Rahanduskomisjon, Euroopa Liidu asjade komisjon"
529e5322-1170-4926-a07e-6ed369534503,Mihhail Stalnuhhin,https://www.riigikogu.ee/riigikogu/koosseis/riigikogu-liikmed/saadik/529e5322-1170-4926-a07e-6ed369534503/Mihhail-Stalnuhhin,Eesti Keskerakonna fraktsioon,Majanduskomisjon
0f9372ee-f108-47f9-9192-82ff84cf3efb,Timo Suslov,https://www.riigikogu.ee/riigikogu/koosseis/riigikogu-liikmed/saadik/0f9372ee-f108-47f9-9192-82ff84cf3efb/Timo-Suslov,Eesti Reformierakonna fraktsioon,"Keskkonnakomisjon, Euroopa Liidu asjade komisjon"
ee639cdf-b86c-48b7-9b34-fbba9b83826d,Margit Sutrop,https://www.riigikogu.ee/riigikogu/koosseis/riigikogu-liikmed/saadik/ee639cdf-b86c-48b7-9b34-fbba9b83826d/Margit-Sutrop,Eesti Reformierakonna fraktsioon,"Kultuurikomisjon, Euroopa Liidu asjade komisjon"
5650dddf-f2ca-4b94-8888-e7482808f81b,Aivar Sõerd,https://www.riigikogu.ee/riigikogu/koosseis/riigikogu-liikmed/saadik/5650dddf-f2ca-4b94-8888-e7482808f81b/Aivar-Sõerd,Eesti Reformierakonna fraktsioon,"Rahanduskomisjon, Euroopa Liidu asjade komisjon"
28e48bd7-9f1f-4d6a-b40c-9c6ff6d445e5,Kristina Šmigun-Vähi,https://www.riigikogu.ee/riigikogu/koosseis/riigikogu-liikmed/saadik/28e48bd7-9f1f-4d6a-b40c-9c6ff6d445e5/Kristina-Šmigun-Vähi,Eesti Reformierakonna fraktsioon,Kultuurikomisjon
149dab3f-f850-4eb3-bf03-0890ce9090c1,Marko Šorin,https://www.riigikogu.ee/riigikogu/koosseis/riigikogu-liikmed/saadik/149dab3f-f850-4eb3-bf03-0890ce9090c1/Marko-Šorin,Eesti Keskerakonna fraktsioon,Kultuurikomisjon
b5287c8f-6f0c-4de6-af81-debefa9e64c6,Raivo Tamm,https://www.riigikogu.ee/riigikogu/koosseis/riigikogu-liikmed/saadik/b5287c8f-6f0c-4de6-af81-debefa9e64c6/Raivo-Tamm,Isamaa fraktsioon,"Väliskomisjon, Euroopa Liidu asjade komisjon"
76afbcdc-b41d-4fc6-b5eb-d0cce01e94d5,Tarmo Tamm,https://www.riigikogu.ee/riigikogu/koosseis/riigikogu-liikmed/saadik/76afbcdc-b41d-4fc6-b5eb-d0cce01e94d5/Tarmo-Tamm,Eesti Keskerakonna fraktsioon,Maaelukomisjon
0c571754-914d-406a-baba-6734212353de,Urve Tiidus,https://www.riigikogu.ee/riigikogu/koosseis/riigikogu-liikmed/saadik/0c571754-914d-406a-baba-6734212353de/Urve-Tiidus,Eesti Reformierakonna fraktsioon,"Õiguskomisjon, Euroopa Liidu asjade komisjon"
7b6823ed-96f9-462b-b931-3dd4faceb09e,Vilja Toomast,https://www.riigikogu.ee/riigikogu/koosseis/riigikogu-liikmed/saadik/7b6823ed-96f9-462b-b931-3dd4faceb09e/Vilja-Toomast,Eesti Reformierakonna fraktsioon,Õiguskomisjon
818e6984-8310-4fc1-8f09-95254e2a3169,Marko Torm,https://www.riigikogu.ee/riigikogu/koosseis/riigikogu-liikmed/saadik/818e6984-8310-4fc1-8f09-95254e2a3169/Marko-Torm,Eesti Reformierakonna fraktsioon,Põhiseaduskomisjon
ec4c481a-8727-490a-b90e-cbefeac9564e,Marika Tuus-Laul,https://www.riigikogu.ee/riigikogu/koosseis/riigikogu-liikmed/saadik/ec4c481a-8727-490a-b90e-cbefeac9564e/Marika-Tuus-Laul,Eesti Keskerakonna fraktsioon,Sotsiaalkomisjon
54bc0d5b-7c98-4245-8682-4a3a0b6e0275,Jaak Valge,https://www.riigikogu.ee/riigikogu/koosseis/riigikogu-liikmed/saadik/54bc0d5b-7c98-4245-8682-4a3a0b6e0275/Jaak-Valge,Eesti Konservatiivse Rahvaerakonna fraktsioon,Kultuurikomisjon
bbbcacb7-c34f-48b7-a2ba-1680c93ff810,Viktor Vassiljev,https://www.riigikogu.ee/riigikogu/koosseis/riigikogu-liikmed/saadik/bbbcacb7-c34f-48b7-a2ba-1680c93ff810/Viktor-Vassiljev,Eesti Keskerakonna fraktsioon,Sotsiaalkomisjon
576e5358-efd7-4993-8945-f5e9aad48856,Aivar Viidik,https://www.riigikogu.ee/riigikogu/koosseis/riigikogu-liikmed/saadik/576e5358-efd7-4993-8945-f5e9aad48856/Aivar-Viidik,Eesti Reformierakonna fraktsioon,Maaelukomisjon
8600af41-4dcc-424d-9d05-7c851e5270b5,Mart Võrklaev,https://www.riigikogu.ee/riigikogu/koosseis/riigikogu-liikmed/saadik/8600af41-4dcc-424d-9d05-7c851e5270b5/Mart-Võrklaev,Eesti Reformierakonna fraktsioon,Põhiseaduskomisjon
